{"train/loss": 1.1849, "train/grad_norm": 0.2529721260070801, "train/learning_rate": 7.14183688044565e-07, "train/epoch": 0.37873049537948794, "train/global_step": 5000, "_timestamp": 1714659814.5589585, "_runtime": 7939.770036458969, "_step": 60, "eval/loss": 2.6977667808532715, "eval/runtime": 66.5465, "eval/samples_per_second": 6.011, "eval/steps_per_second": 1.503, "train_runtime": 7063.0554, "train_samples_per_second": 56.633, "train_steps_per_second": 14.158, "total_flos": 1.0886750987758848e+17, "train_loss": 2.342963360595703, "_wandb": {"runtime": 7851}}