{"train/loss": 1.0285, "train/grad_norm": 1.3204423189163208, "train/learning_rate": 9.731287433198206e-07, "train/epoch": 0.1799003919934857, "train/global_step": 9500, "_timestamp": 1714671000.1945806, "_runtime": 11023.6572265625, "_step": 114, "eval/loss": 2.8378124237060547, "eval/runtime": 175.1852, "eval/samples_per_second": 2.283, "eval/steps_per_second": 2.283, "train_runtime": 10912.933, "train_samples_per_second": 9.163, "train_steps_per_second": 9.163, "total_flos": 4.184727862867056e+16, "train_loss": 2.2109533217580695, "_wandb": {"runtime": 11025}}