{"train/loss": 1.1837, "train/grad_norm": 0.2549706697463989, "train/learning_rate": 7.14183688044565e-07, "train/epoch": 0.37873049537948794, "train/global_step": 5000, "_timestamp": 1714580070.7067947, "_runtime": 8268.856475830078, "_step": 60, "eval/loss": 2.6988375186920166, "eval/runtime": 66.6782, "eval/samples_per_second": 5.999, "eval/steps_per_second": 1.5, "train_runtime": 7180.0261, "train_samples_per_second": 55.71, "train_steps_per_second": 13.928, "total_flos": 1.0886750987758848e+17, "train_loss": 2.3432395797729493, "_wandb": {"runtime": 8270}}