{"train/loss": 0.8741, "train/grad_norm": 0.3626924157142639, "train/learning_rate": 8.247422680412371e-05, "train/epoch": 0.30298439630359036, "train/global_step": 2000, "_timestamp": 1714739772.6412115, "_runtime": 8764.756766557693, "_step": 24, "eval/loss": 3.0375261306762695, "eval/runtime": 82.2061, "eval/samples_per_second": 4.866, "eval/steps_per_second": 2.433, "train_runtime": 6571.4129, "train_samples_per_second": 12.174, "train_steps_per_second": 1.522, "total_flos": 7.790230970581392e+16, "train_loss": 1.06470072555542, "_wandb": {"runtime": 8765}}